asin,product_title,product_price,product_original_price,product_star_rating,product_num_ratings,product_num_offers,product_minimum_offer_price,is_best_seller,is_amazon_choice,is_prime,climate_pledge_friendly,sales_volume,has_variations,sales_volume_clean,has_discounts
B0BQ118F2T,moto g play 2023 3-day battery unlocked made for us 3/32gb 16mp camera navy blue,99.0,169.99,4.0,1319,16,69.88,False,False,True,False,4K+ bought in past month,False,4000.0,True
B0CV2W1TKZ,"samsung galaxy a15 (sm-155m/dsn), 128gb 6gb ram, dual sim, factory unlocked gsm, international version (ring grip case bundle) (light blue)",153.99,153.99,4.2,186,4,147.5,False,False,True,False,1K+ bought in past month,False,1000.0,False
B09SM24S8C,"samsung galaxy a03s cell phone, at&amp;t gsm unlocked android smartphone, 32gb, long lasting battery, expandable storage, 3 camera lenses, infinite display - black (renewed)",69.0,99.99,3.8,597,35,64.99,False,False,True,False,2K+ bought in past month,True,2000.0,True
B0CHH1N9VY,tracfone | motorola moto g pure | locked | 32gb | 4000 mah battery | 13 mp dual camera system | 6.5&quot; max vision hd+ display | blue,49.99,49.99,4.2,2814,3,43.99,False,False,True,False,500+ bought in past month,False,500.0,False
B09T3MQSVP,"samsung galaxy a13 5g cell phone, at&amp;t gsm unlocked android smartphone, 64gb, long lasting battery, expandable storage, triple lens camera, infinite display, black (renewed)",88.09,98.27,3.8,1338,31,70.4,False,False,True,False,500+ bought in past month,False,500.0,True
B0BZG14KFJ,"panasonic cordless phone with answering machine, advanced call block, bilingual caller id and easy to read high-contrast display, expandable system with 2 handsets - kx-tgd832m (metallic black)",49.99,59.99,4.4,3843,3,25.19,False,True,True,False,4K+ bought in past month,False,4000.0,True
B0C2SWQBMB,"motorola moto g 5g | 2023 | unlocked | made for us 4/128gb | 48 mpcamera | ink blue, 163.94x74.98x8.39",149.99,249.99,4.2,2637,8,100.72,False,False,True,False,2K+ bought in past month,True,2000.0,True
B0CTD47P22,samsung galaxy a15 a155m 128gb dual-sim gsm unlocked android smartphone (latin america version) - light blue,149.5,158.0,4.2,253,9,146.5,False,False,True,False,500+ bought in past month,False,500.0,True
B0CSB14R7J,samsung galaxy a15 a155m 128gb dual-sim gsm unlocked android smartphone (latin america version) - blue black,139.99,139.99,4.3,573,15,136.62,False,False,True,False,1K+ bought in past month,False,1000.0,False
B0CHK6LWKZ,tracfone | samsung galaxy a03s | locked | 32gb | 5000mah battery | 48mp main camera | 6.5-in. hd+infinity-v display | black,59.99,59.99,4.0,258,4,50.48,False,False,True,False,1K+ bought in past month,False,1000.0,False
B0C5BMB1WB,motorola one ace | 2021 | 2-day battery | unlocked | made for us 4/64gb | 48mp camera | volcanic gray,89.0,89.0,4.0,204,10,85.44,False,False,True,False,1K+ bought in past month,False,1000.0,False
B0CRVWPWKP,samsung galaxy a25 5g a256e 128gb dual-sim gsm unlocked android smartphone (latin variant/us compatible lte) - blue,195.0,195.0,4.0,259,15,164.5,False,False,True,False,400+ bought in past month,True,400.0,False
B0CN1QSH8Q,"samsung galaxy a15 5g a series cell phone, 128gb unlocked android smartphone, amoled display, expandable storage, knox security, super fast charging, us version, 2024, blue black",199.99,199.99,4.0,610,2,154.0,False,False,True,True,2K+ bought in past month,True,2000.0,False
B0C22BRGLG,oneplus nord n30 5g | unlocked dual-sim android smart phone | 6.7&quot; lcd display | 8 +128gb | 5000 mah battery | 50w fast charging | 108mp camera | chromatic gray,249.99,299.99,4.3,963,5,209.28,False,False,True,False,1K+ bought in past month,False,1000.0,True
B09NZQJRN7,"vtech dect 6.0 cordless phone - blue display, big buttons, speakerphone, caller id, easy wall mount, 1000ft range - white/grey",18.45,18.45,4.3,9096,2,13.84,False,False,True,False,2K+ bought in past month,False,2000.0,False
B09LKXHWCF,"apple iphone 13 mini, 128gb, blue - unlocked (renewed)",355.81,415.0,4.1,4265,20,303.99,False,False,False,True,500+ bought in past month,True,500.0,True
B085TCRFST,"alcatel 1 (16gb) 5.0&quot; full view display, removable battery, fm radio, dual sim gsm unlocked us &amp; global 4g lte international version 5033e (bluish black)",41.99,44.7,3.6,2048,7,29.7,False,False,True,False,1K+ bought in past month,False,1000.0,True
B096T6Y623,"samsung galaxy s21 ultra 5g, us version, 128gb, phantom black - unlocked (renewed)",269.99,294.0,3.9,2362,69,244.99,False,False,True,True,2K+ bought in past month,True,2000.0,True
B0CMDL3H3V,"samsung galaxy s24+ plus cell phone, 256gb ai smartphone, unlocked android, 50mp camera, fastest processor, long battery life, us version, 2024, onyx black",798.0,999.99,4.5,615,2,741.99,False,False,True,True,1K+ bought in past month,True,1000.0,True
B0CSB22F9C,"samsung galaxy a15 (sm-155m/dsn), 128gb 6gb ram, dual sim, factory unlocked gsm, international version (wall charger bundle) (light blue)",149.94,149.94,4.1,874,14,123.7,False,False,True,False,4K+ bought in past month,False,4000.0,False
B0D5T7318W,bold k10 | 2024 | 3-day battery | unlocked | 6.6” hd+ infinity display | 128/4gb | triple 50mp camera | us version | us warranty | black,99.99,99.99,3.6,17,6,98.97,False,False,True,False,200+ bought in past month,False,200.0,False
B086QCGQ8C,"at&amp;t bl102-3 dect 6.0 3-handset cordless phone for home with answering machine, call blocking, caller id announcer, audio assist, intercom, and unsurpassed range, silver/black",78.95,78.95,4.3,27240,3,38.25,False,False,False,False,3K+ bought in past month,False,3000.0,False
B0CD99XXQY,"samsung galaxy s23 fe ai phone, 128gb unlocked android smartphone, long battery life, premium processor, tough gorilla glass display, hi-res 50mp camera, us version, 2023, mint",499.99,599.99,4.5,1159,2,451.19,False,False,True,True,200+ bought in past month,True,200.0,True
B0CSF1MRRR,blu g63 | 2023 | 3-day battery | unlocked | 6.8” hd+ infinity display | 128/4gb | dual 13mp camera | us version | us warranty | green,89.99,129.99,3.9,92,5,79.99,False,False,True,False,300+ bought in past month,False,300.0,True
B0CJCTW1C5,nokia c2 2e | android 11 (go edition) | unlocked smartphone | all day battery | 2/32gb | 5.7-inch screen | international version | blue,59.99,59.99,3.3,70,2,57.44,False,False,True,False,1K+ bought in past month,False,1000.0,False
B08H8VZ6PV,google pixel 4a with 5g - android phone - new unlocked smartphone with night sight and ultrawide lens - just black,159.0,159.0,4.3,2927,18,153.28,False,False,True,False,500+ bought in past month,True,500.0,False
B01H1E3EAA,"at&amp;t trimline 213 corded home phone with extra big buttons &amp; visual ringer. no ac power required, improved easy-wall-mount, lighted keypad, 10 speed dial keys, volume control, senior friendly. white",17.56,19.95,4.4,315,2,13.28,False,False,True,False,900+ bought in past month,False,900.0,True
B08L34JQ9C,"samsung galaxy s20 fe 5g, 128gb, cloud navy - unlocked (renewed)",166.99,166.99,3.9,7272,53,134.85,False,False,True,True,2K+ bought in past month,True,2000.0,False
B0CHH6X6H2,total by verizon | samsung galaxy a03s | locked | 32gb | 5000mah battery | 48mp main camera | 6.5-in. hd+infinity-v display | black,49.99,49.99,3.8,276,3,49.21,False,False,True,False,1K+ bought in past month,False,1000.0,False
B0C7LNLS9P,"tracfone moto g pure (2021), 32gb, blue - prepaid smartphone (locked/renewed)",24.99,24.99,4.3,160,1,24.99,False,False,False,False,500+ bought in past month,False,500.0,False
B0BZ9XNBRB,google pixel 7a - unlocked android cell phone - smartphone with wide angle lens and 24-hour battery - 128 gb – charcoal,344.95,499.0,4.3,2482,21,318.0,False,False,False,True,1K+ bought in past month,True,1000.0,True
B0CTD42NJZ,"samsung galaxy a15 5g (sm-156m/dsn), 256gb 8gb ram, dual sim, factory unlocked gsm, international version (wall charger bundle) (light blue)",183.69,199.0,4.3,146,7,176.35,False,False,True,False,1K+ bought in past month,False,1000.0,True
B0DFB9SNBR,tcl ion z unlock smartphone 4g lte 32gb - black,39.0,39.0,4.084294871794872,0,1,39.0,False,False,False,False,50+ bought in past month,False,50.0,False
B0D9N1517Y,"i14 pro max unlocked smartphone, 6+256gb, android 13.0 unlocked cell phones, 6.82&quot; hd screen battery 6800mah with 128gb memory card/face id/fingerprint lock/dual sim 5g phone (blue)",158.99,158.99,4.7,7,1,158.99,False,False,False,False,100+ bought in past month,False,100.0,False
B09X7F2GCG,"tracfone tcl flip 2, 8gb, black - prepaid flip phone (locked)",19.99,19.99,4.0,823,1,19.99,False,False,True,False,1K+ bought in past month,False,1000.0,False
B08PPDJWC8,"apple iphone 12 mini, 64gb, black - unlocked (renewed)",232.0,232.0,4.1,13191,16,203.31,False,False,False,True,2K+ bought in past month,True,2000.0,False
B0CLHJZJZB,"samsung galaxy s23 fan edition(fe) 5g (sm-s711b/ds) dual sim,256gb + 8gb, factory unlocked, international version - no warranty - (purple)",479.72,479.72,4.3,39,3,429.5,False,False,False,False,50+ bought in past month,False,50.0,False
B08H8X23ZB,google pixel 5 - 5g android phone - water resistant - unlocked smartphone with night sight and ultrawide lens - just black,284.99,284.99,4.4,3432,6,149.95,False,False,True,False,100+ bought in past month,True,100.0,False
B0C1Q3MVBP,"samsung galaxy a14 5g a series, factory unlocked, 64gb, us version, black (renewed)",98.52,172.0,3.7,762,23,88.98,False,False,True,False,2K+ bought in past month,False,2000.0,True
B0CCT2BR1J,tracfone samsung galaxy a14 5g locked 64gb 5000mah battery 50 mp triple-camera system 6.6-in. fhd+ lcd display black,99.88,119.99,4.2,308,2,64.99,False,False,True,False,200+ bought in past month,False,200.0,True
B08VLMQ3KS,"samsung galaxy s21 5g, us version, 128gb, phantom gray - unlocked (renewed)",209.99,249.0,3.9,6272,5,164.99,False,False,False,True,2K+ bought in past month,False,2000.0,True
B0CGWF3F64,"motorola razr | 2023 | unlocked | made for us 8/128 | 32mp camera | summer lilac, 73.95 x 170.82 x 7.35mm",699.99,699.99,4.0,440,2,331.64,False,False,True,False,200+ bought in past month,True,200.0,False
B07JMHLP7B,panasonic dect 6.0 expandable cordless phone system with answering machine and call blocking - 3 handsets - kx-tge633m (metallic black),99.99,99.99,4.3,2151,3,49.52,False,False,True,False,900+ bought in past month,False,900.0,False
B088NQXD8T,"apple iphone se 2nd generation, us version, 64gb, black - unlocked (renewed)",128.0,156.86,4.3,18826,40,96.69,False,False,False,True,2K+ bought in past month,True,2000.0,True
B088MKVYTF,"alcatel smartflip 4052r | 4g lte | 4gb flip-phone | bluetooth, wifi, big buttons | carrier locked to at&amp;t. phone is not unlocked - volcano black",41.9,41.9,3.9,541,10,22.95,False,False,False,False,500+ bought in past month,False,500.0,False
B08PMYLKVF,"apple iphone 12 pro, 128gb, pacific blue - fully unlocked (renewed)",387.0,521.01,4.2,10317,17,353.72,False,False,False,True,1K+ bought in past month,True,1000.0,True
B09YDMWFT1,motorola moto edge 5g uw 256gb nebula blue for verizon (renewed),96.26,124.56,4.1,313,10,89.22,False,False,False,False,50+ bought in past month,False,50.0,True
B096T56NRH,"samsung galaxy s21 ultra 5g, us version, 256gb, phantom black - unlocked (renewed)",358.99,358.99,4.1,855,14,283.95,False,False,True,True,200+ bought in past month,False,200.0,False
B08PNCYYVZ,"apple iphone 12, 128gb, black - fully unlocked (renewed)",287.3,314.99,4.1,25638,20,284.92,True,False,False,False,2K+ bought in past month,True,2000.0,True
B0CMDLJR6K,"samsung galaxy s24 cell phone, 256gb ai smartphone, unlocked android, 50mp camera, fastest processor, long battery life, us version, 2024, marble gray",113.87,113.87,4.4,424,1,82.17,False,False,True,True,200+ bought in past month,False,200.0,False
B0DC6L8DXL,"spidercase magnetic for iphone 16 plus case,with 2 pcs [tempered glass screen protector] translucent matte back slim shockproof protective phone case for iphone 16 plus 6.7&#x27;&#x27;,black",9.99,19.99,4.3,158,1,9.99,False,False,True,False,100+ bought in past month,False,100.0,True
B0BTFHM2GZ,"panasonic cordless phone with advanced call block, link2cell bluetooth, one-ring scam alert, and 2-way recording with answering machine, 5 handsets - kx-tgf975b (black with silver trim)",159.99,179.99,4.3,1325,3,98.03,False,False,True,False,1K+ bought in past month,False,1000.0,True
B09LNT1F3H,"apple iphone 13, 128gb, red - unlocked (renewed)",422.0,422.0,4.1,12051,29,305.96,False,False,False,True,500+ bought in past month,True,500.0,False
B08WHKF6RJ,"samsung galaxy s21+ 5g, us version, 128gb, phantom black - unlocked (renewed)",229.95,229.95,4.1,2069,39,179.0,False,False,True,True,1K+ bought in past month,False,1000.0,False
B08HH2LBHF,"samsung galaxy s20 ultra, 128gb, cosmic black - fully unlocked (renewed)",249.95,249.95,3.9,2074,25,224.93,False,False,False,True,400+ bought in past month,False,400.0,False
B0CV4NH5T9,"samsung galaxy a35 5g a series cell phone, 128gb unlocked android smartphone, amoled display, advanced triple camera system, expandable storage, rugged design, us version, 2024, awesome lilac",349.99,399.99,4.4,266,3,313.91,False,False,True,True,500+ bought in past month,True,500.0,True
B09BTB5MKT,motorola moto g pure | 2021 | 2-day battery | unlocked | made for us by motorola | 3/32gb | 13mp camera | deep indigo,98.93,159.99,4.1,2079,7,80.04,False,False,True,False,300+ bought in past month,True,300.0,True
B0BV5SV5HL,samsung galaxy s23 ultra 5g sm-s918b/ds dual sim 256gb rom 8gb ram gsm factory unlocked global model (mobile cell phone) (phantom green),799.99,859.99,4.4,380,11,759.5,False,False,False,False,400+ bought in past month,False,400.0,True
B092NTYZ78,"panasonic compact cordless phone with dect 6.0, 1.6&quot; amber lcd and illuminated hs keypad, call block, caller id, multiple display languages - 1 handset - kx-tgb810s (black/silver)",19.89,24.99,4.2,5617,3,12.14,False,False,True,False,1K+ bought in past month,False,1000.0,True
B07P6Y7954,"apple iphone xr, 64gb, black - unlocked (renewed)",187.0,187.0,4.4,64977,22,155.99,False,False,False,True,2K+ bought in past month,True,2000.0,False
B09V5LDZQ4,"samsung galaxy s22 smartphone, factory unlocked android cell phone, 128gb, 8k camera &amp; video, brightest display, long battery life, fast 4nm processor, us version, phantom black (renewed)",225.62,379.99,4.0,1980,38,204.0,False,False,False,False,2K+ bought in past month,True,2000.0,True
B0CQ9SZJN6,"oneplus 12r, 16gb ram+256gb, dual-sim, us factory unlocked android smartphone, 5500 mah battery, 50mp camera, 80w fast charging, 2024, iron gray",549.99,599.99,4.4,397,2,493.11,False,False,True,False,400+ bought in past month,True,400.0,True
B09SNPBN6B,moto g power | 2022 | 3-day battery | unlocked | made for us by motorola | 4/64gb | 50 mp camera | dark grove,179.99,199.99,4.2,10670,6,79.79,False,False,True,False,List: ,True,,True
B09LG4PSB6,samsung galaxy s20 fe 5g 128gb blue verizon (renewed),152.93,478.98,4.1,1184,31,133.99,False,False,False,True,500+ bought in past month,True,500.0,True
B0CSB1GX4H,samsung galaxy a15 a155m 128gb dual-sim gsm unlocked android smartphone (latin america version) - yellow,133.0,133.0,4.2,269,16,119.5,False,False,True,False,500+ bought in past month,False,500.0,False
B0BLZN9NDG,"samsung,galaxy a04e (sm-a042m/ds) dual sim 32gb,6.5&#x27;&#x27; gsm unlocked,international version-black",88.99,105.0,3.8,700,10,70.0,False,False,True,False,500+ bought in past month,True,500.0,True
B079Z792J7,motorola g6 – 32 gb – unlocked (at&amp;t/sprint/t-mobile/verizon) – black - (u.s. warranty) - paae0000us,69.72,69.72,4.2,2049,3,59.95,False,False,True,False,200+ bought in past month,True,200.0,False
B08WF93R89,"samsung galaxy s21 5g, us version, 256gb, phantom gray - unlocked (renewed)",238.99,849.99,4.0,1038,15,164.99,False,False,False,True,400+ bought in past month,True,400.0,True
B09XP9FX25,"samsung galaxy a53 5g a series cell phone, factory unlocked android smartphone, 128gb, 6.5” fhd super amoled screen, long battery life, us version, black (renewed)",169.99,189.0,3.9,411,14,127.16,False,False,False,False,200+ bought in past month,False,200.0,True
B0991J62ZY,"samsung galaxy a12 (32gb, 3gb) 6.5&quot; hd+, quad camera, 5000mah battery, global 4g volte (at&amp;t unlocked for t-mobile, verizon, metro) a125u (black) (renewed)",85.99,85.99,3.8,1684,29,74.74,False,False,False,True,1K+ bought in past month,True,1000.0,False
B0BDP9S53V,samsung s21 fe 128gb gray tmobile (renewed),169.99,188.0,4.0,131,19,162.82,False,False,False,False,50+ bought in past month,True,50.0,True
B07T1LXD8P,"apple iphone xr, fully unlocked, 64 gb - black (renewed)",187.0,187.0,4.3,383,8,169.99,False,False,False,True,500+ bought in past month,False,500.0,False
B0CQ5C2274,"samsung galaxy a15 (sm-a155f/dsn), 128gb 4gb ram, dual sim, factory unlocked gsm, international version (wall charger bundle) (blue black)",142.49,142.49,4.1,1686,6,99.5,False,False,True,False,400+ bought in past month,False,400.0,False
B0CSGK59ZB,"panasonic corded/cordless phone with advanced call block, 2-way recording and digital answering machine, 2 handsets expandable up to 6 cordless handsets - kx-tgf852b (black)",99.99,99.99,4.4,131,4,74.99,False,False,True,False,600+ bought in past month,False,600.0,False
B07C4WX72D,"vtech sn5147 amplified corded/cordless senior phone with answering machine, call blocking, 90db extra-loud visual ringer, one-touch audio assist on handset up to 50db, white",63.98,109.95,4.0,6350,23,29.95,False,False,False,False,1K+ bought in past month,False,1000.0,True
B09Z8P34NM,"samsung galaxy a13 lte, factory unlocked smartphone, android cell phone, water resistant, 50mp camera, us version, 32gb, black (renewed)",89.55,89.55,4.0,557,26,81.4,False,False,False,False,1K+ bought in past month,False,1000.0,False
B0CYQ916ZY,"google pixel 8a - unlocked android phone with google ai, advanced pixel camera and 24-hour battery - obsidian - 128 gb",399.0,499.0,4.2,400,2,383.04,False,False,True,True,1K+ bought in past month,True,1000.0,True
B07WRDT6DS,"motorola o212 dect 6.0 long range cordless phone - wireless phones for home &amp; office phone with answering machine - indoors and outdoors, water &amp; dust resistant, ip67 certified - black, 2 handsets",129.95,129.95,4.0,501,1,129.95,False,False,True,False,100+ bought in past month,False,100.0,False
B0CRFB8HW4,"samsung galaxy a05 (128gb, 4gb) 6.7&quot; dual sim fully unlocked global 4g lte a055m/ds (black)",111.07,119.99,4.0,101,10,94.76,False,False,True,False,500+ bought in past month,True,500.0,True
B09D2ZJLLV,panasonic kx-tg994 dect 6.0 bluetooth 4-handset phone bundle,89.97,89.97,4.4,382,14,79.0,False,False,True,False,700+ bought in past month,False,700.0,False
B0BZG31S2R,"panasonic cordless phone with answering machine, link2cell bluetooth, voice assistant and advanced call blocking, expandable system with 4 handsets - kx-tgd864w (white)",99.99,119.99,4.4,1332,7,46.2,False,False,True,False,1K+ bought in past month,False,1000.0,True
B0CMDRFVTL,"samsung galaxy s24 cell phone, 256gb ai smartphone, unlocked android, 50mp camera, fastest processor, long battery life, us version, 2024, cobalt violet",859.99,859.99,4.4,424,2,724.02,False,False,True,True,100+ bought in past month,True,100.0,False
B0CTW8TXGH,tracfone | motorola moto g play 2024 | locked | 64gb | 5000mah battery | 50mp quad pixel camera | 6.5-in. hd+ 90hz display | sapphire blue,49.99,49.99,4.3,49,1,49.99,False,False,True,False,500+ bought in past month,False,500.0,False
B0CCSZZGT7,"tracfone motorola moto g play, 32gb, black - prepaid smartphone (locked)",49.99,49.99,4.0,265,1,49.99,False,False,True,False,400+ bought in past month,False,400.0,False
B00839N5O8,vtech cs6649 expandable corded/cordless phone system with answering system-caller id/call waiting &amp; handset/base speakerphones,54.95,54.95,4.3,7887,2,36.84,False,False,True,False,500+ bought in past month,False,500.0,False
B0CV1FCLLR,"motorola moto g14 dual sim (2023) 4g lte (4/128gb) 6.5&quot;&quot; ips ldc display | android 13 | 50mp rear camera | 5000mah battery | international model - (steel gray), xt2341-2",103.12,149.99,3.8,37,7,102.96,False,False,True,False,400+ bought in past month,True,400.0,True
B0CQ5JGH2Y,"oneplus 12,16gb ram+512gb,dual-sim,unlocked android smartphone,supports 50w wireless charging,latest mobile processor,advanced hasselblad camera,5400 mah battery,2024,flowy emerald",799.99,899.99,4.5,506,2,715.67,False,False,True,False,400+ bought in past month,False,400.0,True
B0CTBCDCDH,samsung galaxy a05s a057m 128gb dual-sim gsm unlocked android smartphone (latin america version) - light violet,117.9,117.9,4.2,62,1,117.9,False,False,True,False,200+ bought in past month,False,200.0,False
B000050FZP,"at&amp;t 210 basic trimline corded phone, no ac power required, wall-mountable, white",15.95,18.86,4.2,19530,49,8.61,False,False,True,False,1K+ bought in past month,False,1000.0,True
B09R1RKWPM,"at&amp;t trimline 210 corded home phone, no ac power required, improved easy-wall-mount, lighted big button keypad, 13 speeddial keys, last number redial, mute, flash, volume control, beige",16.14,16.95,4.3,2962,3,9.65,False,False,True,False,1K+ bought in past month,False,1000.0,True
B0BNMD2NLP,"at&amp;t gl2101 dect 6.0 cordless home phone with call block, caller id, full-duplex handset speakerphone, 2&quot; white backlit display, lighted keypad (graphite &amp; black)",24.95,24.95,4.4,1293,3,14.85,False,False,True,False,300+ bought in past month,False,300.0,False
B0BBWDM8MC,"nokia g100 | verizon, t-mobile, at&amp;t | android 12 | unlocked smartphone | 3-day battery | us version | 4/128gb | 6.52-inch screen | 13mp triple camera | polar night",99.99,99.99,3.3,172,2,56.08,False,False,True,False,100+ bought in past month,False,100.0,False
B0D3LB85H2,"doogee s118 4g rugged smartphone unlocked,mtk g99 android 14 20gb+512gb waterproof cell phone, 6.58&quot; fhd+ 120hz,10800mah+ 33w,50mp rear+32mp front rugged phone, dual sim/otg/gps/nfc black",299.99,299.99,3.8,31,1,299.99,False,False,True,False,,True,,False
B0CRWKVZVP,"samsung galaxy a15 5g 128gb, 6.5&quot;, gsm unlocked, international model a156m/dsn (blue black)",159.99,159.99,4.1,89,6,127.7,False,False,True,False,500+ bought in past month,False,500.0,False
B0CN1Q2X3B,"samsung galaxy a25 5g a series cell phone, 128gb unlocked android smartphone, amoled display, advanced triple camera system, expandable storage, stereo speakers, us version, 2024, black",249.99,299.99,3.4,262,2,164.31,False,False,True,False,500+ bought in past month,False,500.0,True
B0CRWT7WF1,samsung galaxy a05 a055m 64gb dual-sim gsm unlocked android smartphone (latin america version) - black,98.0,118.97,4.0,115,14,95.97,False,False,True,False,500+ bought in past month,False,500.0,True
B07ZHPCJW3,oneplus 7t 8gb ram 128gb rom us model hd1905 factory unlocked 6.55 inch amoled 90hz display dual sim frosted silver us warranty,113.87,113.87,3.8,20,1,82.17,False,False,False,False,,False,,False
B07VCB7P1L,kyocera duraforce pro 2 with sapphire shield e6910 black - verizon (renewed),72.25,91.0,3.5,381,7,64.3,False,False,True,True,50+ bought in past month,False,50.0,True
B084KS5WYC,samsung galaxy a10e 32gb a102u gsm unlocked phone - black (renewed),69.07,77.0,3.9,3440,26,68.95,False,False,False,True,500+ bought in past month,False,500.0,True
B0CNL663BM,apple iphone 8 64gb unlocked - gray,120.0,139.0,4.1,269,10,89.99,False,False,False,False,1K+ bought in past month,False,1000.0,True
B08NFCZGJF,"samsung galaxy a01 sm-a015a 16gb 5.7” single-sim android smartphone (renewed) (black, gsm unlocked)",68.0,68.0,3.8,310,2,67.89,False,False,True,True,100+ bought in past month,False,100.0,False
B092499CS7,"at&amp;t cl82267 dect 6.0 2-handset cordless phone for home with answering machine, call blocking, caller id announcer, intercom and long range, black &amp; wood grain finish",46.49,65.95,4.3,7573,2,32.72,False,False,True,False,300+ bought in past month,False,300.0,True
B0D79Z15XR,samsung galaxy a15 5g + 4g lte (256gb + 8gb) unlocked (t-mobile mint tello &amp; global) sm-a156m/dsn dual sim warranty latin america 6.5&quot; 50mp triple + (15w wall charger) (blue/black 1 year latin),174.99,174.99,4.084294871794872,0,1,174.99,False,False,True,False,,False,,False
B0CF2PV74C,motorola moto g54 dual-sim 256gb rom + 8gb ram (only gsm | no cdma) factory unlocked 5g smartphone (midnight blue) - international version,154.98,177.0,4.4,1073,6,139.5,False,False,True,False,200+ bought in past month,False,200.0,True
B0CGTKM9WC,"google pixel 8 - unlocked android smartphone with advanced pixel camera, 24-hour battery, and powerful security - hazel - 128 gb",499.0,699.0,4.3,2391,5,475.0,False,False,True,True,400+ bought in past month,True,400.0,True
B0CXTBZWQH,"doogee n55 android 14 cell phone,9gb+128gb expandable 1tb android phone,6.56&quot; hd+ 90hz unlocked cell phone,5150mah battery,13mp+8mp,dual sim 4g phone,face unlock,otg/t-mobile",139.99,139.99,4.4,48,1,139.99,False,False,True,False,50+ bought in past month,False,50.0,False
B09VD33WHW,samsung galaxy s22 ultra 5g unlocked - 128gb - black (renewed),389.0,389.0,3.9,3876,34,339.0,False,False,False,False,1K+ bought in past month,True,1000.0,False
B0B8F1S1XG,"at&amp;t cl82219 dect 6.0 2-handset cordless phone for home with answering machine, call blocking, caller id announcer, intercom and long range, black",51.6,65.95,4.3,574,6,27.67,False,False,True,False,500+ bought in past month,False,500.0,True
B0CD8YMKWC,"samsung galaxy s23 fe cell phone, 256gb, unlocked android smartphone, long battery life, premium processor, tough gorilla glass display, hi-res 50mp camera, us version, 2023, cream",559.99,659.99,4.5,1159,2,451.85,False,False,True,True,100+ bought in past month,True,100.0,True
B0D96WTMNT,"samsung galaxy a15 5g (sm-156m/dsn), 128gb 6gb ram, dual sim, factory unlocked gsm, international version (wall charger bundle) (blue)",162.5,162.5,4.3,42,5,127.7,False,False,True,False,500+ bought in past month,True,500.0,False
B096YK3RN9,"samsung galaxy s21+ plus g996u| fully unlocked android cell phone | us version 5g smartphone | pro-grade camera, 8k video, 64mp high res | 128gb - phantom silver - (renewed)",246.0,246.0,4.0,1340,21,187.0,False,False,False,True,100+ bought in past month,True,100.0,False
B0BTTQGVVW,"cat s22 flip (16gb) 2.8&quot; touchscreen, android 11, ip68 water resistant, 4g lte gsm (t-mobile unlocked for metropcs, global) (black)",64.94,64.94,3.9,1492,9,49.9,False,False,False,False,1K+ bought in past month,False,1000.0,False
B0BHHJV7W9,"at&amp;t cl82507 dect 6.0 5-handset cordless phone for home with answering machine, call blocking, caller id announcer, intercom and long range, silver (cl82507)",117.77,117.77,4.3,20608,4,57.19,False,False,True,False,500+ bought in past month,False,500.0,False
B0DB88HK1Z,reno 11 pro unlocked android phone 6.7-inch hd lcd unlocked cell phone 8gb+256gb android 13 smartphone 6000 mah large battery unlocked phone 50mp+13mp camera dual sim (rock grey),99.99,119.99,2.8,6,1,99.99,False,False,True,False,List: ,True,,True
B0BP8GMBPF,oneplus 10t | moonstone black | 5g unlocked android smartphone u.s version | 8gb ram+128gb storage (renewed),204.95,389.0,3.8,73,1,204.95,False,False,True,False,200+ bought in past month,False,200.0,True
B0D6YZ4PQB,"cubot kingkong x rugged smartphone 5g- 32gb ram+512gb rom cell phones, 10200mah battery, 100mp camera, 6.58&quot; fhd+1.85&quot; dual screen, ip68/ip69k phone unlocked, 5g dual sim android 14 phone, nfc/gps/otg",399.99,399.99,4.1,56,1,399.99,False,False,True,False,50+ bought in past month,False,50.0,False
B0CBNMDSTH,tcl flip 4056w 4gb 4g unlocked gsm flip phone - for senior easy use gray,62.99,62.99,3.6,15,1,62.99,False,False,False,False,,False,,False
B0BLD393H7,"nokia 2780 flip | unlocked | kaios | verizon, at&amp;t, t-mobile | blue",88.0,88.0,3.7,809,3,41.21,False,False,True,False,1K+ bought in past month,True,1000.0,False
B07HB15NMK,at&amp;t el52513 5-handset cordless phone with answering system &amp; xl backlit keys,106.08,106.08,4.3,18566,3,62.42,False,False,True,False,100+ bought in past month,False,100.0,False
B0D6YZR64W,"doogee blade 10 rugged phone unlocked android 14,9gb+128gb/tf 2tb octa core rugged smartphone,6.56&quot; hd+ 90hz cell phone,16mp camera,4g dual sim ip68/ip69k waterproof phone,widevine l1/gps/face id",199.99,199.99,4.5,11,1,199.99,False,False,True,False,,False,,False
B086R819LS,"vtech is8151-5 super long range 5 handset dect 6.0 cordless phone for home with answering machine, 2300 ft range, call blocking, bluetooth, headset jack, power backup, intercom, expandable to 12 hs",148.87,164.95,4.2,8627,5,51.94,False,False,True,False,300+ bought in past month,False,300.0,True
B0B8W377RV,"google pixel 6a 5g, us version, 128gb, charcoal - unlocked (renewed)",172.49,172.49,3.9,982,7,139.85,False,False,False,False,400+ bought in past month,True,400.0,False
B08PMP778K,"apple iphone 12 pro max, 128gb, pacific blue - fully unlocked (renewed)",469.99,469.99,4.2,9355,8,449.99,False,False,True,True,400+ bought in past month,True,400.0,False
B0D897WH4K,bold k50 | 5g| 2024 | 3-day battery | unlocked | 6.7” fhd+ 3d amoled | 256/8gb | triple 64mp camera | us version | us warranty | purple,199.99,199.99,4.1,21,1,199.99,False,False,True,False,300+ bought in past month,False,300.0,False
B0CKNHHZH1,"cheap smartphone， 5.0&#x27;&#x27; android 9.0, 16gb rom(extendable to 128gb,dual sim dual camera, wifi,bluetooth,gps basic mobile phones (r10-purple)",51.99,51.99,3.0,83,1,51.99,False,False,True,False,,True,,False
B0D3F61948,"umidigi g9 5g cell phone, android 14 unlocked phones, 12(6+6) gb +128gb/1tb tf expand, 5g dual sim, 50mp camera, 6.75&quot; hd+ 90hz display, ai face &amp; fingerprint unlock, 5000mah android phone green",143.99,143.99,4.3,90,1,143.99,False,False,True,False,200+ bought in past month,True,200.0,False
B09RNBM76R,"samsung galaxy xcover6 pro 5g | rugged (ip68 rated) unlocked (verizon, at&amp;t, t-mobile, us cellular) | dual sim (1 nano + 1 esim) | 128gb | us version (2022 model) | black (sm-g736uzkexaa)",124.99,499.99,3.9,98,7,98.99,False,False,True,False,100+ bought in past month,False,100.0,True
B0C5B736X3,samsung galaxy s23 5g factory unlocked 128gb - phantom black (renewed),379.55,379.55,4.1,361,16,325.05,False,False,False,False,500+ bought in past month,True,500.0,False
B07Z6Q9NCZ,blu advance l5 | 2020 | long lasting battery | unlocked | 4.0” display | 16gb | 5mp camera | us warranty | black,113.87,113.87,3.3,3035,1,82.17,False,False,False,False,50+ bought in past month,False,50.0,False
B0D18SMB1X,"samsung galaxy z fold 6 ai cell phone, 512gb unlocked android smartphone, circle to search, handsfree live interpreter, ai photo edits, large screen, 2024,us 1 yr manufacturer warranty, silver shadow",1614.99,2019.99,4.1,83,10,1583.65,False,False,False,True,300+ bought in past month,True,300.0,True
B0BCQXY9H8,"google pixel 7 pro - 5g android phone - unlocked smartphone with telephoto, wide angle lens, and 24-hour battery - 512gb - snow",499.95,499.95,4.2,2755,4,485.0,False,False,True,True,50+ bought in past month,True,50.0,False
B09ZRTQXQ7,"samsung galaxy a13 5g (64gb, 4gb) 6.5&quot; hd+, 50mp triple camera, 5000mah battery, 5g / 4g volte (for t-mobile, metro, sprint only) a136u (black) (renewed)",94.0,179.0,4.0,171,21,77.67,False,False,True,False,100+ bought in past month,False,100.0,True
B0CWLJSSSX,"[new] vtech vg131-21 dect 6.0 2-handset cordless phone - bluetooth connection, blue-white display, big buttons, full duplex speakerphone, caller id, easy wall mount, 1000ft range (black)",30.52,32.95,4.2,40734,2,19.99,False,False,True,False,200+ bought in past month,False,200.0,True
B08HBPXM97,kyocera duraxv extreme e4810 verizon rugged lte flip basic cell phone camera gps black- (renewed),159.99,199.75,3.8,275,7,125.98,False,False,False,True,100+ bought in past month,False,100.0,True
B08H7RJLM2,"samsung galaxy s20 ultra, 128gb, cosmic gray - fully unlocked (renewed)",250.0,250.0,4.1,1968,27,223.95,False,False,False,True,400+ bought in past month,False,400.0,False
B0CWWC2G6F,nokia 110 4g | dual sim | gsm unlocked mobile phone | volte | blue | international version | not at&amp;t/cricket/verizon compatible,39.99,39.99,3.7,31,3,31.59,False,False,True,False,400+ bought in past month,False,400.0,False
B0BKZDZ63C,"traditional red landline phone, retro corded telephone with message indicator, classic 2500 analog desk phone, vintage corded desk telephone large button, old red telephone landline for school,home",35.97,35.97,4.3,192,2,33.27,False,False,True,False,200+ bought in past month,False,200.0,False
B09GBLFSB2,"samsung galaxy z flip 3 5g factory unlocked android cell phone us version smartphone flex mode intuitive camera compact 128gb storage us warranty, phantom black (renewed)",273.99,273.99,3.9,1574,11,204.99,False,False,False,True,200+ bought in past month,False,200.0,False
B09MMLPD1L,motorola moto one 5g uw ace 64gb volcanic grey-(verizon),75.05,75.05,4.0,84,3,50.0,False,False,True,False,200+ bought in past month,False,200.0,False
B088BF7ZDL,"at&amp;t dl72319 dect 6.0 3-handset cordless phone for home with connect to cell, call blocking, 1.8&quot; backlit screen, big buttons, intercom, and unsurpassed range",76.95,76.95,4.2,6801,3,34.68,False,False,True,False,300+ bought in past month,False,300.0,False
B09TG89P52,motorola edge + |2022| 4800mah battery | unlocked | made for us 8/512gb | 50mp camera | cosmos blue,270.74,270.74,4.2,1804,3,192.55,False,False,True,False,100+ bought in past month,True,100.0,False
B08L9MY937,samsung - galaxy a71 a716u 5g fully unlocked 128gb - prism cube black (renewed),145.0,166.0,4.0,1769,16,111.1,False,False,True,True,300+ bought in past month,False,300.0,True
B00WHYS81A,"vtech cs6529-3 3-handset expandable cordless phone with answering system-caller id/call waiting &amp; backlit display/keypad, silver",65.95,65.95,4.3,26175,3,35.25,False,False,True,False,300+ bought in past month,False,300.0,False
B09BM2FZ3M,oneplus nord n200 | 5g for t-mobile u.s version | 6.49&quot; full hd+lcd screen | 90hz smooth display | large 5000mah battery | fast charging | 64gb storage | triple camera (t-mobile) (renewed),74.0,84.37,4.1,385,16,70.0,False,False,True,True,500+ bought in past month,False,500.0,True
B084HM9YWW,"apple iphone 11, us version, 64gb, black - t-mobile (renewed)",209.0,222.07,4.2,52783,1,209.0,False,False,False,True,100+ bought in past month,True,100.0,True
B0764KJ4RK,"at&amp;t cd4930 corded phone with digital answering system and caller id, extra-large tilt display &amp; buttons, black",49.85,49.85,4.4,13525,3,17.57,False,False,True,False,400+ bought in past month,False,400.0,False
B08KSGND8P,"samsung galaxy s10 128gb 6.1&quot; 4g lte unlocked, prism black (renewed)",149.85,149.85,4.2,187,14,139.99,False,False,False,True,500+ bought in past month,False,500.0,False
B08HKRVZ4W,"samsung galaxy note 20 5g (128gb, 8gb) 6.7&quot; amoled+, snapdragon 865, global 5g volte (fully unlocked for at&amp;t, verizon, sprint, metro) n981u (mystic bronze) (renewed)",225.0,598.98,4.3,940,19,190.95,False,False,False,True,400+ bought in past month,True,400.0,True
B00FRS8UKM,"vtech cs6719-16 dect 6.0 phone with caller id/call waiting, 1 cordless handset, red",20.23,21.95,4.4,37768,6,10.99,False,False,True,False,300+ bought in past month,False,300.0,True
B0BSQXLQNK,motorola moto e13 dual sim 64gb rom + 2gb ram factory unlocked 4g smartphone (cosmic black) - international version,89.98,89.98,4.0,575,3,67.7,False,False,False,False,100+ bought in past month,False,100.0,False
B0BF8C19NJ,"at&amp;t el51303 3 handset dect 6.0 cordless home phone full-duplex handset speakerphone,backlit display, lighted keypad,caller id/call waiting,phonebook, eco mode,voicemail key,quiet mode,intercom,silver",55.04,55.04,4.3,17629,3,29.65,False,False,True,False,700+ bought in past month,False,700.0,False
B0CQ88L871,"nothing phone (2a) smartphone unlocked 5g android phone dimensity 7200 pro, 50mp dual camera, 6.7&#x27;&#x27; amoled display, 5000mah battery, nfc (milk, 12+256gb)",402.0,402.0,4.5,752,11,359.5,False,False,True,False,50+ bought in past month,True,50.0,False
B08FRTH1KJ,samsung s20+128gb cloud blue unlocked (renewed),199.99,199.99,4.1,3066,23,169.0,False,False,False,True,200+ bought in past month,True,200.0,False
B07BZV9DST,"vtech ds6151-2 2 handset 2-line cordless phone system for home or small business with digital answering system &amp; mailbox on each line, silver",96.87,109.95,4.1,1173,21,36.35,False,False,True,False,600+ bought in past month,False,600.0,True
B0BZK41SXZ,"panasonic cordless phone with advanced call block, bilingual caller id and easy to read large high-contrast display, expandable system with 3 handsets - kx-tgd813b (black)",79.99,79.99,4.3,833,3,37.25,False,False,True,False,300+ bought in past month,False,300.0,False
B0CMPLN52T,"apple iphone 15, 128gb, pink - unlocked (renewed)",620.05,661.99,4.4,566,21,615.99,False,False,False,False,200+ bought in past month,True,200.0,True
B0CCT2VXHC,"tracfone nokia 2760 flip, 4gb, black - prepaid feature phone (locked) (renewed)",14.99,14.99,3.7,60,1,14.99,False,False,True,False,500+ bought in past month,False,500.0,False
B08CFSZLQ4,google pixel 4a - unlocked android smartphone - 128 gb of storage - up to 24 hour battery - just black,159.99,179.99,4.5,10417,15,149.99,False,False,False,True,200+ bought in past month,True,200.0,True
B0CZ9SYQGY,"panasonic cordless phone, easy to use with large display and big buttons, flashing favorites key, built in flashlight, call block, volume boost, talking caller id, 2 cordless handsets - kx-tgu432w",69.99,69.99,4.3,434,4,48.03,False,False,True,False,400+ bought in past month,False,400.0,False
B09BFRV59N,"samsung galaxy s21 fe 5g cell phone, factory unlocked android smartphone, 128gb, 120hz display screen, pro grade camera, all day intelligent battery, us version, 2022, white",319.95,348.28,4.5,14909,1,319.95,False,False,True,True,200+ bought in past month,True,200.0,True
B08Y727NMK,"oneplus 9 winter mist, 5g unlocked android smartphone u.s version, 8gb ram+128gb storage, 120hz fluid display, hasselblad triple camera, 65w ultra fast charge, 15w wireless charge, with alexa built-in",188.89,599.99,4.2,1039,1,188.89,False,False,True,False,200+ bought in past month,True,200.0,True
B09Q7JLN13,simbros radiant core phone at&amp;t unlocked u304aa 4g 5.5in 16gb smart phone simkey -unlocked to work on all gsm carriers like at&amp;t t-mobile &amp; cricket -not for verizon,39.99,49.99,3.0,58,1,39.99,False,False,True,True,50+ bought in past month,False,50.0,True
B0CL7RDZXD,"blu c5 max | unlocked | 5.7” hd+ display | 5mp camera | (red, 32gb)",54.99,54.99,3.3,679,2,44.99,False,False,True,False,100+ bought in past month,True,100.0,False
B0D9927L49,motorola moto g power 5g | 2023 | unlocked | made for us 4/128gb | 50 mpcamera | mineral black,144.99,144.99,3.5,11,6,143.54,False,False,True,False,500+ bought in past month,False,500.0,False
B0C2G7GQ6H,samsung galaxy a54 5g 256gb + 8gb unlocked worldwide dual sim 6.4&quot; 120hz 50mp triple cam - (black),379.5,379.5,4.0,380,3,319.99,False,False,True,True,400+ bought in past month,False,400.0,False
B01LZV2HVG,"panasonic amplified cordless phone with slow talk, 40db volume boost, 100db loud visual ringer, hearing aid compatibility, large screen and backlit keypad - kx-tgm420w - 1 handset (white)",103.76,119.99,4.3,1452,25,49.99,False,False,True,False,300+ bought in past month,False,300.0,True
B00V5ZJXNE,panasonic corded/cordless phone system with answering machine and one touch call blocking – 3 handsets - kx-tgf353n (champagne gold),139.95,139.95,4.4,2038,4,92.89,False,False,True,False,100+ bought in past month,False,100.0,False
B07D2BHBYR,"at&amp;t cl84107 dect 6.0 expandable corded/cordless phone with smart call blocker, black/silver with 1 handset",76.95,88.14,4.4,5154,5,32.95,False,False,True,False,200+ bought in past month,False,200.0,True
B088XZFKJ5,samsung galaxy a20 32gb 6.4&quot; display a205u black unlocked smartphone (renewed),91.75,199.95,3.9,641,17,56.1,False,False,False,True,100+ bought in past month,False,100.0,True
B0CBNLS6BD,"motorola moto g stylus | 2022 | 2-day battery | unlocked | made for us 4/128gb | 50mp camera | twilight blue | 4g ram, 4g/3g cellular technology",169.99,169.99,4.3,1240,7,74.63,False,False,True,False,200+ bought in past month,False,200.0,False
B07H8PXT7K,"samsung galaxy note 9, 128gb, lavender purple - unlocked (renewed)",183.0,198.0,4.3,3281,6,156.0,False,False,False,True,100+ bought in past month,False,100.0,True
B0D1ZFS9GH,moto g stylus 5g | 2024 | unlocked | made for us 8/256gb | 50mp camera | caramel latte,349.99,399.99,4.3,55,3,335.72,False,False,True,False,400+ bought in past month,False,400.0,True
B08HHT4XTS,"samsung electronics galaxy note 20 ultra 5g factory unlocked android cell phone | us version | 128gb of storage | mobile gaming smartphone | mystic bronze, sm-n986uznaxaa (renewed)",344.0,344.0,4.1,1866,22,294.0,False,False,True,True,400+ bought in past month,True,400.0,False
B0CMDKX76Q,"samsung galaxy s24 cell phone, 256gb ai smartphone, unlocked android, 50mp camera, fastest processor, long battery life, us version, 2024, amber yellow",859.99,859.99,4.4,424,1,859.99,False,False,True,True,50+ bought in past month,False,50.0,False
B0DCVTQBHL,"magnetic for iphone 16 case,[compatible with magsafe][military grade drop protection] anti-fingerprint translucent matte shockproof protective case for iphone 16 phone case 6.1&quot;,deep purple",21.99,21.99,5.0,2,1,21.99,False,False,True,False,,False,,False
B0CKXNCDXY,"cat s62 rugged cell phone unlocked (128gb, 4gb) 5.7&quot; ip68 waterproof android smartphone, 12mp dual camera, all day battery, nfc, fingerprint unlock, snapdragon 660 nano slot(black) new",169.0,169.0,3.5,124,4,119.99,False,False,True,False,100+ bought in past month,False,100.0,False
B0CHN7M531,"oneplus open, 16gb ram+512gb, dual-sim, voyager black, us factory unlocked android smartphone, 4805 mah battery, 67w fast charging, hasselblad camera, 120hz fluid display",1299.99,1699.99,4.1,218,4,1138.07,False,False,True,False,200+ bought in past month,True,200.0,True
B0CHDSGLCF,"nuu a15 cell phone 4gb + 128gb, unlocked for mint, metro, t-mobile, qlink and more, perfect for teenagers, dual sim 4g, octa-core helio g36 2.2ghz 6.5&quot; hd+, android 13, purple, us warranty",119.99,119.99,4.0,210,1,119.99,False,False,True,False,100+ bought in past month,True,100.0,False
B0CLHHNWZQ,samsung galaxy s23 fe s711b 256gb dual sim gsm unlocked android smartphone - graphite,473.5,473.5,4.2,99,1,473.5,False,False,False,False,50+ bought in past month,True,50.0,False
B00NCUVOB4,"panasonic 2-line corded/cordless phone system with 2 handsets - answering machine, link2cell, 3-way conference, call block, long range dect 6.0, bluetooth - kx-tg9582b (black)",229.0,229.0,4.1,1018,8,135.62,False,False,True,False,300+ bought in past month,False,300.0,False
B0DCQX683H,"motorola one 5g uw ace (64gb, 4gb) 6.7&quot;, snapdragon 750g, 5000mah battery (us model only for verizon, visable, straight talk, total, xfinity) xt21131pp (w/fast charger, volcanic grey)",69.99,69.99,4.084294871794872,0,2,68.49,False,False,False,False,More Buying Choices,False,,False
B0CJCVV96Z,nokia c2 2e | android 11 (go edition) | unlocked smartphone | all day battery | dual sim | 2/32gb | 5.7-inch screen | international version | blue,59.99,59.99,3.2,18,2,59.39,False,False,True,False,50+ bought in past month,False,50.0,False
B0CCSF3WML,straight talk apple iphone 7 32gb - silver,83.0,98.99,3.8,67,4,82.17,False,False,False,False,200+ bought in past month,False,200.0,True
B0CCT22SDM,"total by verizon samsung galaxy a14 5g, 64gb, black - prepaid smartphone (locked)",69.99,69.99,4.1,161,1,69.99,False,False,True,False,300+ bought in past month,False,300.0,False
B07TWYLQM7,"apple iphone se, 32gb gray unlocked 1st gen 2016 att tmobile",99.99,99.99,3.6,232,1,99.99,False,False,False,True,100+ bought in past month,False,100.0,False
B0D7SBL8PJ,x40 unlocked 5g cell phones 2024 android 13 mobile phones with 24mp+50mp camera 8gb+256gb 8-core smartphone 6.7&quot; hd screen 6200 mah long battery smartphone dual sim adnroid phone(elegant black),99.99,99.99,5.0,4,1,99.99,False,False,False,False,50+ bought in past month,True,50.0,False
B09V1NGFN4,samsung galaxy s22 128 gb green,235.9,250.0,4.0,807,27,199.5,False,False,False,True,400+ bought in past month,True,400.0,True
B0CHH6QWS1,simple mobile | motorola moto g pure | locked | 32gb | 4000 mah battery | 13 mp dual camera system | 6.5&quot; max vision hd+ display | blue,49.99,49.99,4.2,248,1,49.99,False,False,True,False,100+ bought in past month,False,100.0,False
B06X1B444W,"vtech connect to cell ds6771-3 dect 6.0 cordless phone - black, silver, 6.9&quot; x 4&quot; x 6.6&quot;",98.25,109.99,4.1,2542,25,34.63,False,False,True,False,200+ bought in past month,False,200.0,True
B01K5N4QEM,panasonic expandable cordless phone system with amber backlit display and call block – 1 handset – kx-tgc350b (black),31.49,34.99,4.3,2060,21,14.19,False,False,True,False,100+ bought in past month,False,100.0,True
B0929127RH,"vtech is8121-3 super long range up to 2300 feet dect 6.0 bluetooth 3 handset cordless phone for home with answering machine, call blocking, connect to cell, intercom and expandable to 5 handsets",76.56,80.58,4.2,4051,3,48.26,False,False,True,False,300+ bought in past month,False,300.0,True
B0DDMGMZY1,"team luxury for iphone 15 case, [military grade protection] scratch-resistant back, shockproof phone case for iphone 15 6.1” (black/black)",7.99,7.99,4.8,20,1,7.99,False,False,True,True,50+ bought in past month,False,50.0,False
B0CHYBX2L4,"blackview rugged smartphone unlocked, 2023 bv6200 rugged phones, 13000mah battery 18w fast charge, android 13, 8gb+64gb/2tb expand, waterproof mobile phones, three card slots, 6.56&quot; display, t-mobile",169.99,199.99,4.1,214,1,169.99,False,False,True,False,50+ bought in past month,False,50.0,True
B0858974Q2,samsung galaxy a10e gsm unlocked (not cdma) 32gb smartphone - black (renewed),69.0,74.99,3.8,1199,16,67.69,False,False,False,True,50+ bought in past month,True,50.0,True
B0757B9VFG,"vtech am18447 main console 4-line expandable small business office phone system with answering machine, intercom, auto attendant &amp; music on hold , black",149.95,164.95,4.3,1161,6,55.94,False,False,True,False,300+ bought in past month,False,300.0,True
B0D6YWSJ1B,"doogee blade 10 ultra rugged smartphone, 20gb ram+256gb rom rugged phone unlocked android 14,6.56&#x27;&#x27;90hz display,50mp camera, ip68/ip69k waterproof phones, face id/nfc/gps/otg",279.99,279.99,5.0,14,1,279.99,False,False,True,False,50+ bought in past month,False,50.0,False
B08GPJYY54,"vtech vs113-5 extended range 5 handset cordless phone for home with call blocking, connect to cell bluetooth, 2&quot; backlit screen, big buttons, and answering system, silver &amp; black",119.95,142.95,4.0,1910,2,75.26,False,False,True,False,100+ bought in past month,False,100.0,True
B0CKXL587M,"cat s22 rugged flip phone (16gb) 2.8&quot; touchscreen smart cell phone android 11, ip68 water resistant, t-mobile 4g lte gsm single nano slot,compatible with t-mobile(new)",64.89,64.89,3.7,402,1,64.89,False,False,True,False,500+ bought in past month,False,500.0,False
B003BNY7QG,"at&amp;t ml17939 2-line corded telephone with digital answering system and caller id/call waiting, black/silver",70.32,87.95,4.3,1082,83,40.32,False,False,True,False,200+ bought in past month,False,200.0,True
B07MQVW2T6,prepaid at&amp;t axia 4g lte 16gb android 8.1 lcd 5.5&quot;,39.99,39.99,3.4,362,9,28.73,False,False,True,False,50+ bought in past month,False,50.0,False
B09DDCGFGJ,"panasonic cordless phone system, expandable home phone with call blocking, bilingual caller id and high-contrast display, 1 handset - kx-tgd610b (black)",34.49,34.49,4.3,5343,12,17.24,False,False,True,False,100+ bought in past month,False,100.0,False
B08H85VZNX,"google pixel 4a smartphone, 128gb storage &amp; unlocked cellular - just black (renewed)",130.0,159.99,4.0,1204,11,109.85,False,False,False,True,50+ bought in past month,False,50.0,True
B0CJB9FW71,blu g73 | 2023 | 3-day battery | unlocked | 6.8” hd+ infinity display | 128/6gb | triple 50mp camera | us version | us warranty | blue,114.99,114.99,3.9,165,4,40.0,False,False,True,False,More Buying Choices,True,,False
B09R6FJWWS,"samsung galaxy a53 5g a series cell phone, factory unlocked android smartphone, 128gb, 6.5” fhd super amoled screen, long battery life, us version, black",113.87,113.87,4.3,4495,1,82.17,False,False,False,True,,False,,False
B007P8DMBE,"at&amp;t tl88102 dect 6.0 2-line expandable cordless phone with answering system and dual caller id/call waiting, 1 handset, silver/black",95.53,119.95,4.1,836,49,38.11,False,False,True,False,100+ bought in past month,False,100.0,True
B07X4B9G32,moto z4 - for verizon - 128 gb - flash gray (renewed),80.29,94.79,4.2,795,8,64.57,False,False,False,True,100+ bought in past month,False,100.0,True
B08HVXC89J,lively jitterbug flip2 - flip cell phone for seniors - not compatible with other wireless carriers- must be activated phone plan- graphite,47.99,79.99,4.0,3219,11,44.34,False,False,True,False,300+ bought in past month,True,300.0,True
B09X7G4FT4,"tracfone samsung galaxy a13 5g, 64gb, black - prepaid smartphone (locked)",159.99,159.99,4.3,860,2,72.76,False,False,True,False,100+ bought in past month,False,100.0,False
B0D485PQTD,"samsung galaxy a05s (sm-a057m/ds), 128gb 4gb ram, dual sim, factory unlocked gsm, international version (case bundle) (light violet)",125.0,125.0,5.0,1,1,125.0,False,False,True,False,,True,,False
B08FRS3R32,"samsung galaxy s20+ plus 5g factory unlocked android cell phone sm-g986u us version | 128gb | fingerprint id &amp; facial recognition | long-lasting battery (cosmic black, 128gb)",249.7,349.0,3.7,305,8,213.91,False,False,True,False,200+ bought in past month,True,200.0,True
B0D7ZWSVGB,"cmf phone 1 8+256gb - unlocked smartphone with 50 mp rear camera with ultra xdr, 6,67&quot; super amoled display and nothing os 2.6 - light green",289.0,289.0,4.2,9,1,289.0,False,False,True,False,100+ bought in past month,True,100.0,False
B0845ZVJW3,"samsung galaxy note 10+, 256gb, aura black - fully unlocked (renewed)",264.95,299.99,4.2,2949,14,217.95,False,False,False,True,200+ bought in past month,False,200.0,True
B09KMH4G81,samsung galaxy a42 5g 128gb prism dot black for verizon (renewed),124.0,124.0,4.1,341,6,80.0,False,False,False,True,50+ bought in past month,False,50.0,False
B0D19B2D19,"samsung galaxy z flip 6 ai cell phone, 512gb unlocked android smartphone, flexcam, photo assist, camcorder mode, live interpreter, foldable design, 2024, us 1 yr manufacturer warranty, silver shadow",944.96,1219.99,4.2,93,8,899.99,False,False,False,True,300+ bought in past month,True,300.0,True
B08R61G69Q,"google pixel 4a with 5g, 6.2&quot;, 128gb, 6gb ram, unlocked cellular - just black (renewed)",135.0,159.0,3.8,866,10,128.95,False,False,False,True,100+ bought in past month,False,100.0,True
B0CHLFVL28,motorola moto g stylus 5g/ 128gb stainless steel blue w/ 50mp camera- verizon (renewed),113.87,113.87,3.6,21,11,95.09,False,False,False,False,More Buying Choices,False,,False
B07R5CJDD7,google - pixel 3a x-large with 64gb memory cell phone (unlocked) - just black (g020c),139.99,479.0,4.3,4559,20,109.9,False,False,True,False,List: ,True,,True
B0BDY7QHXS,"apple iphone se 3rd gen, 64gb, midnight - t-mobile (renewed)",197.0,197.0,4.3,1827,15,177.95,False,False,False,False,50+ bought in past month,True,50.0,False
B0CZRJMN8G,"big button phone for seniors, corded landline telephone with handsfree function and 9 groups of memory, one-touch dialling,suitable people with vision disorders/hearing damage (ex-ld-858hf)",29.99,29.99,4.5,25,1,29.99,False,False,True,False,300+ bought in past month,False,300.0,False
B086H3HH5V,moto e | unlocked | made for us by motorola | 2/32gb | 13mp camera | 2020 | blue,107.99,119.99,4.4,16748,4,61.03,False,False,True,False,Typical: ,True,,True
B0CGVM1TBK,"landline phone, big button phone for seniors, telephone can one-touch dialling with 9 piction, suitable for people with vision disorders/hearing damage, corded phone can be used for home, office",29.99,29.99,4.0,148,2,28.95,False,False,True,False,300+ bought in past month,False,300.0,False
B008UZE0IU,"vtech cd1113 corded phone for home office - easy-to-use telephone with caller id/call waiting, 13 speed dial keys, no ac power required, flash, volume control, hearing aid compatible,wall-mount, black",22.4,23.86,4.1,1742,15,14.8,False,False,True,False,100+ bought in past month,False,100.0,True
B084CVPLLC,moto g stylus | 2020 | unlocked | made for us by motorola | 4/128gb | 48mp camera | indigo,149.99,179.99,4.4,6645,5,89.95,False,False,True,False,Typical: ,True,,True
B00BLVLHEU,vtech cs6629 dect 6.0 1-handset cordless answering system,38.58,38.58,4.4,2145,24,17.63,False,False,True,False,100+ bought in past month,False,100.0,False
B004KQDBKG,"panasonic kx-ts880b integrated corded telephone,black",55.0,59.99,3.9,862,3,16.41,False,False,True,False,50+ bought in past month,False,50.0,True
B0C6SLFZ1T,"corded phone for home, durable landline phone with large buttons for seniors, versatile mini phone for the home, office, and more (black)",13.98,13.98,3.6,314,1,13.98,False,False,True,False,200+ bought in past month,False,200.0,False
B09MMJWHDX,tcl flip pro slate gray basic flip phone (verizon),41.0,41.0,3.0,105,6,34.48,False,False,False,False,200+ bought in past month,False,200.0,False
B08M46Q3C1,"panasonic office phone system, corded base station with 4-lines expandable with up to 10 compatible panasonic business phones wirelessly - kx-tgw420b (black)",146.29,169.99,3.8,136,23,61.19,False,False,True,False,100+ bought in past month,False,100.0,True
B0BQZP5XQP,"old style wall phone-freely adjust the volume landline phone, classic retro design landline phones for home, wall phones for landline, suitable for living room, school, home, office(black)",9.99,9.99,3.4,349,1,9.99,False,False,True,False,200+ bought in past month,False,200.0,False
B0CSDWT13K,xiaomi redmi note 13 4g lte (256gb + 8gb) 6.67&quot; 108mp triple (tmobile mint tello global) global bands unlocked + (fast car dual charger bundle) (midnightblack global rom),159.69,169.99,4.4,155,1,159.69,False,False,True,False,300+ bought in past month,True,300.0,True
B0D5GJ5RFH,x3 2024 new cheap 4g lte gsm unlocked android phones 6.0” cell phone 3000mah android phone 8mp smartphone 16gb dual sim (for t-mobile metro mint tello usa market) face unlocked (gold),59.99,59.99,1.6,4,1,59.99,False,False,True,False,50+ bought in past month,False,50.0,False
B0B7KNC1CM,"smpl big button phone for seniors, simple corded landline &amp; voip home telephone for elderly, handicap, alzheimer’s, dementia, hearing impaired 56011",64.99,64.99,4.1,1952,1,64.99,False,False,True,False,50+ bought in past month,False,50.0,False
B001TK3DLS,"at&amp;t tr1909b trimline corded phone with caller id, black",23.04,23.04,4.1,2406,45,13.73,False,False,True,False,100+ bought in past month,False,100.0,False
B0CQPBKCNH,"hellobaby dect 6.0 cordless phone with 2 handsets, reliable 1000 ft range, cordless home phone with caller id/call waiting, call block, phones landline cordless with blue backlit display, hb2688-2",27.99,37.99,3.9,178,3,25.93,False,False,True,False,200+ bought in past month,False,200.0,True
B0CH9P3HYW,"vtech is8251 business grade expandable cordless phone for home office, 5&quot; color display, programmable short cut keys, smart call blocking, answering system, bluetooth connect to cell",89.95,109.95,4.2,918,2,56.58,False,False,True,False,List: ,False,,True
B07DVTRK72,"y043 corded landline telephone for home, caller id/call waiting, easy-to-use, speaker, display, desk phone only (off-white)",18.98,29.98,3.8,1235,1,18.98,False,False,True,False,100+ bought in past month,False,100.0,True
B0D749T6DG,"gabb phone 4 pro the safe phone built for teens - no social media/internet, gps tracking, parental controls, talk &amp; text, safe messaging, safe video calls, 30 activation fee",199.99,199.99,4.5,29,1,199.99,False,False,True,True,50+ bought in past month,False,50.0,False
B0CK2RLX1N,"motorola edge + plus | 2022 | us version| 5g smartphone with android 12.0 | 8 gb memory | 50mp camera | 4800mah, more than all day battery life | unlocked phone | (128gb | cosmos blue) (renewed)",184.95,219.0,4.0,69,1,184.95,False,False,False,False,Typical price: ,True,,True
B0CJ7VVD3X,x1 2024 new 4g lte gsm unlocked cell phone 6.5” hd+ screen mobile phones 4000mah android 10 smart phone 16mp smartphone dual sim (for t-mobile metro mint tello usa market) face unlock (black),68.99,68.99,3.2,36,1,68.99,False,False,True,False,50+ bought in past month,False,50.0,False
B09SM6GR4B,moto g power | 2022 | 3-day battery | unlocked | made for us by motorola | 4/128gb | 50 mp camera | ice blue,179.99,179.99,4.2,2671,9,79.99,False,False,False,False,More Buying Choices,True,,False
B0016ALH32,"xl88q - easy to use one-piece telephone with ring/in-use light indicator, extra loud-extra clear volume boost, for busy settings, elderly &amp; teenagers, corded landline telephone, pack of 1",19.99,19.99,4.2,211,3,17.2,False,False,True,True,200+ bought in past month,False,200.0,False
B0D8B4HNNX,"oukitel g1 rugged smartphone unlocked - 24+256gb/1tb android 14 rugged cellphones, 6.52” hd display 48mp rear camera 10600mah battery ip68/ip69k waterproof phone, dual sim/nfc/fingerprint 2024",199.99,199.99,4.6,39,1,199.99,False,False,True,False,,False,,False
B0CNPHHTM3,"hellobaby dect 6.0 cordless phone with 2 handsets, advanced call block, expandable cordless phone with trilingual caller id/call waiting, full-duplex handset speakerphone, reliable 1000ft range",39.99,42.99,3.9,300,3,34.74,False,False,True,False,100+ bought in past month,False,100.0,True
B074VFRKZG,motorola moto x4 factory unlocked phone - 32gb - 5.2&quot; - super black - pa8s0006us,120.0,120.0,3.9,285,5,109.95,False,False,True,False,More Buying Choices,False,,False
B0BYJJYLJ8,"vtech ls6381-2 bluetooth speaker with echo cancellation, noise reduction, music streaming, pc/landline/cellular calls, paired with dect6.0 cordless handset, answering system, smart call blocker,black",40.93,40.93,4.1,1899,17,36.71,False,False,True,False,500+ bought in past month,False,500.0,False
B0C5CJFVVD,"samsung galaxy s20 fe 5g (128gb, 6gb) 6.5&quot; amoled, snapdragon 865, volte (fully unlocked for t-mobile, at&amp;t, verizon, global) g781u1 (w/wireless charger, navy) (renewed)",199.0,199.0,3.9,1604,5,150.0,False,False,True,False,More Buying Choices,True,,False
B099NZRSND,motorola one 5g uw 128gb oxford blue for verizon (renewed),82.85,97.99,4.3,162,8,73.99,False,False,False,True,Typical price: ,False,,True
B0D1C7N13W,"at&amp;t essentials edge pro case, cell phone accessories, with drop protection for apple iphone (clear edge, iphone 15/14/13)",17.99,29.99,3.4,6,1,17.99,False,False,True,False,List: ,True,,True
B0016CVUR8,hamburger cheeseburger burger phone telephone in juno(telephone),12.98,15.8,4.3,1079,8,12.0,False,False,True,False,100+ bought in past month,False,100.0,True
B00R2K4LCY,"scosche magwsm2 magicmount magnetic suction cup mount for car windshield or dashboard, 360° adjustable magnet head, universal cell phone holder for car, compatible with iphone, samsung &amp; all devices",11.99,11.99,4.4,53768,4,8.89,False,False,True,False,200+ bought in past month,False,200.0,False
B09GKPDCVW,yealink w76p - ip dect phone bundle w56h with w70 base,161.23,179.99,4.2,155,31,95.0,False,False,False,False,200+ bought in past month,False,200.0,True
B0CNT2N5LK,"unlocked smartphone, 6.3 inch hd display, android10.0, dual sim, dual cameras, 1gb ram+16gb rom (expandable to 128gb), support: wifi, bluetooth, gps 3g mobile phones (black)",65.99,65.99,3.0,165,1,65.99,False,False,True,False,,True,,False
B09GKXZCWY,"samsung galaxy z flip 3 5g factory unlocked android cell phone us version smartphone flex mode intuitive camera compact 128gb storage us warranty, green (renewed)",326.0,539.99,3.9,313,4,214.99,False,False,False,True,50+ bought in past month,False,50.0,True
B094XLBK47,samsung galaxy a51 5g | a516u | 128gb | single sim | android smartphone | prism crush blue - verizon locked - (renewed),144.0,144.0,4.1,103,9,134.0,False,False,True,True,More Buying Choices,False,,False
B0CNNNYPPR,kyocera new e4830 duraxe epic at&amp;t/unlocked firstnet flip smart phone 16gb rugged ptt wi-fi lte black (us warranty) no verizon,199.95,199.95,4.2,23,2,84.55,False,False,False,False,100+ bought in past month,False,100.0,False
B073FLYQZ5,panasonic kx-tgm420w + (1) kx-tgma44w amplified cordless phone with digital answering machine and voice volume booster upto 40 db (2 handsets),195.24,195.24,4.3,951,1,195.24,False,False,False,False,100+ bought in past month,False,100.0,False
B0D8765X3Q,"vtech 3-handset cordless phone with answering machine, with large display and big buttons caller id, full-duplex speakerphone, last 10 number redial, easy to use vg232-3",65.95,65.95,4.5,19,3,45.77,False,False,True,False,100+ bought in past month,False,100.0,False
B0CH7Q92J8,"nuu a23plus basic cell phone for at&amp;t, t-mobile, cricket, mint mobile, metro, 64g/3gb 6.3&quot; 4g lte, q link, hello mobile dual sim, black, 365 days us warranty with detachable &amp; replaceable battery",79.99,84.99,3.7,400,1,79.99,False,False,True,False,400+ bought in past month,False,400.0,True
B0CMTLGC9W,"kids smart phone for girls, christmas birthday gifts for girls age 3-10 kids toys cell phone, 2.8&quot; touchscreen toddler learning play toy phone with dual camera, game, music player, 8g sd card (purple)",31.99,39.99,4.2,1373,3,26.93,False,False,True,False,4K+ bought in past month,False,4000.0,True
B0BYL93774,"apple iphone 14, 128gb, midnight - unlocked (renewed premium)",541.06,579.0,4.2,776,6,511.67,False,False,True,False,500+ bought in past month,True,500.0,True
B075Q15QBW,zte cymbal 4g lte speed &quot;verizon prepaid&quot; cell phone - silver,70.0,70.0,3.5,294,5,14.97,False,False,True,False,More Buying Choices,False,,False
B09D55BNYB,motorola moto g stylus 128gb mystic indigo from verizon (renewed),66.89,77.0,4.0,119,10,62.22,False,False,False,True,Typical price: ,False,,True
B0CYGZFC54,"mini phone, 2.5 inch 3g mini smartphone 2gb ram 16gb rom backup cellphone lightweight 5mp student cellphone unlocked quad core",39.99,39.99,2.7,26,1,39.99,False,False,True,False,200+ bought in past month,False,200.0,False
B0DCJRJDZS,a23 unlocked android phone 6.7-inch hd lcd unlocked cell phone 6gb+128gb android 13 smartphone 5500 mah large battery unlocked phone 50mp+13mp camera 4g dual sim (black),99.99,109.99,5.0,3,1,99.99,False,False,False,False,50+ bought in past month,False,50.0,True
B0C5BHVCSJ,motorola moto g play 2023 3-day battery unlocked made for us 3/32gb 16mp camera navy blue (renewed),72.99,99.0,3.9,291,17,69.94,False,False,True,False,400+ bought in past month,False,400.0,True
B08HC5GMK2,samsung galaxy a11 32gb a115u fully unlocked smartphones (renewed),83.0,83.0,4.0,1194,16,69.99,False,False,False,True,100+ bought in past month,False,100.0,False
B0CN6Q9D6T,"agm m9 rugged basic cell phone, 4g feature phone, simple mobile phones, waterproof, drop-proof, large buttons, large font, speed dial, 3 card slots, fm radio, w/flashlight, 1000mah, for t-mobile only",49.99,79.99,3.8,299,1,49.99,False,False,True,False,300+ bought in past month,False,300.0,True
B07P936C7F,"yealink sip-t57w ip phone - corded/cordless - corded/cordless - wi-fi, bluetooth - wall mountable, desktop - classic gray",202.0,359.0,3.7,93,25,164.35,False,False,False,False,List: ,False,,True
B0BWJKXM2M,"corded phone, landline phone for home, mini phone use hd call ic chip, used in hotel/office/bank call center (black)",13.89,13.89,3.8,144,1,13.89,False,False,True,False,,False,,False
B0BPN14LQG,samsung galaxy a23 5g sm-a236u factory unlocked 64gb black (renewed),125.0,134.0,4.1,309,19,103.9,False,False,False,False,300+ bought in past month,False,300.0,True
B0CFB7W1W2,"total by verizon motorola moto g play, 32gb, black - prepaid smartphone (locked)",49.88,49.88,3.8,99,10,43.89,False,False,True,False,50+ bought in past month,False,50.0,False
B0CLM9X2PP,xiaomi redmi 13c 4g lte (128gb + 4gb) factory unlocked global rom gsm 6.74&quot; 50mp triple camera (tello mint &amp; global) + free fast car charger (midnight black global rom) (midnight black global rom),117.99,117.99,4.2,133,4,117.7,False,False,True,False,200+ bought in past month,False,200.0,False
B09Q98BRRN,"samsung galaxy a03 core (sm-a032/ds) dual sim 32gb/ 2gb ram, gsm unlocked international version - no warranty - black",89.0,89.0,3.8,1819,2,67.17,False,False,True,False,200+ bought in past month,False,200.0,False
B00ZYHA1KI,hamilton captel 2400i captioned telephone large touch-screen captioned telephone with 40db amplification,75.0,75.0,4.3,1603,4,59.99,False,False,True,False,300+ bought in past month,False,300.0,False
B099N3XGP7,"at&amp;t cl83507 dect 6.0 5-handset cordless phone for home with dual keypad base, answering machine, call blocking, caller id announcer, intercom and long range, silver/black",131.88,139.95,4.3,3777,3,62.01,False,False,True,False,200+ bought in past month,False,200.0,True
B07MZDNBDJ,blu z5 -gsm unlocked dual sim -black,22.99,22.99,3.2,3283,1,22.99,False,False,True,False,300+ bought in past month,True,300.0,False
B0CLLV68VK,xiaomi redmi note 13 pro 5g + 4g lte (256gb + 8gb) 6.67&quot; 200mp triple (tmobile mint tello &amp; global) global bands unlocked + (fast car dual charger bundle) (midnight black (global rom)),283.69,283.69,4.6,934,1,283.69,False,False,True,False,300+ bought in past month,True,300.0,False
B09PFC2DVD,motorola moto g stylus | 2022 | 2-day battery | unlocked| made for us by motorola | 6/128gb | 50mp camera | twilight blue,169.0,169.0,4.2,2396,5,109.99,False,False,True,False,50+ bought in past month,True,50.0,False
B08MV7HWFK,"google pixel 5 5g, us version, 128gb, just black - unlocked (renewed)",154.31,284.99,3.9,2306,7,134.99,False,False,False,True,200+ bought in past month,True,200.0,True
B09478TZZY,"samsung galaxy s21 5g, us version, 128gb, phantom violet - at&amp;t (renewed)",209.95,209.95,4.0,1729,5,164.95,False,False,False,True,More Buying Choices,True,,False
B0CHH83K3W,total by verizon motorola moto g pure locked 32gb 4000 mah battery 13 mp dual camera system 6.5&quot; max vision hd+ display blue,49.65,49.65,3.9,292,4,49.27,False,False,True,False,100+ bought in past month,False,100.0,False
B086W923PZ,"d1005 cordless phone for home, eco technology, caller id, speakerphone(single pack, black)",27.98,32.98,3.8,1414,1,27.98,False,False,True,False,50+ bought in past month,False,50.0,True
B0D5PFR7DK,moto g stylus 5g | 2024 | unlocked | made for us 8/256gb | 50mp camera | scarlet wave,399.99,399.99,4.3,48,2,335.99,False,False,True,False,300+ bought in past month,False,300.0,False
B0D8VXV8RM,kids smart phone toys cell phone for boys girls toddlers baby childrens 3-8 years old with camera touchscreen for birthday,39.99,39.99,4.4,31,1,39.99,False,False,True,False,,False,,False
B0CH964JZ8,lively jitterbug smart4 smartphone for seniors - cell phone for seniors - not compatible with other wireless carriers - must be activated phone plan,71.99,119.99,4.0,1857,3,65.35,False,False,True,False,500+ bought in past month,False,500.0,True
B0B4F4DH6H,"panasonic expandable corded phone system, bluetooth pairing for wireless headphones and hearing aids, smart call block, kx-tgf892b (black), 2 cordless + 1 corded handset (pack of 1)",114.28,129.99,4.2,539,2,41.84,False,False,True,False,50+ bought in past month,False,50.0,True
B0D6Z95D5K,motorola moto g04 xt2421-2 (dual sim) factory gsm unlocked | 4+128gb | 6.56&quot; 90hz lcd display | 16mp camera | international model - (green),119.99,119.99,5.0,1,1,119.99,False,False,True,False,,True,,False
B0C9LPCS42,"nothing phone (2) - 512 gb + 12 gb ram, glyph interface, os 2.0, 50 mp dual camera,ois, 6.7” ltpo oled display, 4700mah battery, water resistant ip54, lte, gsm only, android phone, dark grey",689.99,689.99,4.5,224,6,640.28,False,False,False,False,More Buying Choices,True,,False
B0CY8Q7V4S,samsung galaxy a35 5g a356e 128gb dual-sim gsm unlocked android smartphone (latin variant/us compatible lte) - awesome ice blue,255.0,255.0,4.2,51,11,244.97,False,False,True,False,100+ bought in past month,False,100.0,False
B07ZR9YHPY,vtech at2909/cl2909 corded speakerphone,34.67,34.67,4.2,290,22,13.98,False,False,True,False,100+ bought in past month,False,100.0,False
B0D7HWR5QG,"google pixel 9 pro xl - unlocked android smartphone with gemini, triple rear camera system, 24-hour battery, and 6.8&quot; super actua display - obsidian - 256 gb",1199.0,1199.0,4.3,41,3,1151.04,False,False,True,False,300+ bought in past month,False,300.0,False
B0CV73SG4Z,"samsung galaxy s24 ultra 5g s9280 physical dual sim 512gb 12gb ram ai smartphone, factory unlocked, global model, long battery life - titanium violet",993.9,993.9,4.3,43,1,993.9,False,False,False,False,200+ bought in past month,False,200.0,False
B003DNSA6M,"xblue add-on phone for x16 office phone system (xb1670-00, charcoal)",199.99,199.99,4.3,115,2,69.94,False,False,False,False,More Buying Choices,False,,False
B0DCFYC1N9,k60 unlocked 5g smart phone 2024 android 13 cell phone 8gb+256gb 8-core smart phones 6.7&quot; hd screen 24mp+64mp camera 6800mah battery standby 5g dual sim cell phone with android phone (azure),99.99,99.99,3.5,7,1,99.99,False,False,True,False,,False,,False
B08CHRHFRL,samsung galaxy a01 16gb black verizon (renewed),57.0,79.9,3.9,359,25,49.0,False,False,True,True,100+ bought in past month,False,100.0,True
B08XJVZT4R,"oneplus nord n10 5g unlocked, midnight ice​, 6gb ram + 128gb storage, us version (renewed)",128.0,128.0,4.0,320,4,119.9,False,False,True,True,More Buying Choices,True,,False
B07RBMP5V4,"sangyn retro wall phones for landline with mechanical ringer corded telephone wall mounted with indicator waterproof old style landline phones for home kitchen, red",34.98,38.98,4.0,1645,1,34.98,False,False,True,False,50+ bought in past month,False,50.0,True
B0BCF3YGGF,"samsung galaxy s22 5g (128gb, 8gb) 6.2&quot; 120hz, 50mp 4k camera (fully unlocked, us &amp; global) s901u1 (w/ 25w super fast charge cube, black)(renewed)",249.99,270.0,4.1,142,11,219.0,False,False,False,False,200+ bought in past month,False,200.0,True
B08PMLLQ6P,"samsung galaxy a71 5g (128gb, 6gb) 6.7&quot; amoled+, snapdragon 765g, 4500mah battery, global 5g volte gsm at&amp;t unlocked (t-mobile, metro, straight talk) us warranty a716u (prism cube black)",229.72,229.72,3.4,186,6,125.99,False,False,False,False,50+ bought in past month,False,50.0,False
B07CCNTHYH,"alcatel 1 5033j unlocked smartphone dual sim 5&quot; 18:9 display, android oreo (go edition), 8mp rear camera, 4g lte - works worldwide &amp; in the u.s gsm carriers -black",59.99,62.99,3.8,161,4,39.0,False,False,True,False,Typical: ,False,,True
B0BJH9DSDV,simbros unlocked flip 4 at&amp;t smartflip iv u102aa 4g 4gb phone -works with at&amp;t t-mobile &amp; cricket -not good for verizon simkey,69.99,69.99,3.5,77,3,49.99,False,False,True,True,Shop products from small business brands sold in Amazon’s store. Discover more about the small businesses partnering with Amazon and Amazon’s commitment to empowering them.,False,,False
B0D41Q7FBN,"doogee n55 plus android 14 cell phone unlocked(2024), 20gb+128gb/tf 1tb, 5150mah battery octa-core unlocked phone, 6.56&quot;+90hz display, dual camera/dual sim 4g smartphones with face id &amp; otg(black)",199.99,199.99,4.2,15,2,101.15,False,False,True,False,More Buying Choices,False,,False
B09P3LLRGG,"it can edit 9 one touch memory speed dialing and images, elderly image phone, phone for patients with alzheimer&#x27;s disease and enlarged phone for patients with hearing impairment",29.99,29.99,3.9,284,2,21.99,False,False,True,False,200+ bought in past month,False,200.0,False
B0D8PN6CPQ,"tocol 3 in 1 magnetic for iphone 16 case, upgraded full camera protection, compatible with magsafe, 16ft drop protection, translucent matte back bumper phone cover 6.1-inch（black）",14.99,24.99,4.6,4022,1,14.99,False,False,True,True,500+ bought in past month,False,500.0,True
B0D3F44F6B,"toneof 66&quot; automatic tripod,auto-open phone tripod stand with magnetic rechargable remote,360° vertical &amp; horizontal rotatable travel tripod,stable cell phone tripod for iphone/android（black）",34.99,34.99,4.7,123,1,34.99,False,False,True,False,500+ bought in past month,False,500.0,False
B0CJ8YT4K5,"power charger, 3-in-1 65w gan type c charger, fast charging wall charger,all-round protection usb c charger block for nothing phone and ipad pro, iphone 12/13/14/15,galaxy s",39.0,39.0,4.6,47,1,39.0,False,False,True,False,50+ bought in past month,False,50.0,False
B0D1CWR48M,"prepaid usa sim card, 25gb/365 day, 4g lte &amp; 5g on verizon, t mobile &amp; att, data only sim card for unlocked iot device, compatible with cell phones, gps tracker, security, trail camera",139.0,139.0,4.7,4,1,139.0,False,False,True,False,,False,,False
B0D3WTGSJY,"ring light [3 color, 5 brightness &amp; timer] 3.5&#x27;&#x27; small video conference lighting clip on monitor laptop ipad phone, usb plug dimmable selfie light for working, meeting, youtube/tiktok content creator",15.99,15.99,4.4,82,1,15.99,False,False,True,False,500+ bought in past month,False,500.0,False
B0DDY54XPY,"umidigi f3 (8gb+128gb) unlocked cell phone, nfc, android11, 6.7inch hd full screen, 5150mah battery, smartphone with 48mp ai triple camera, 18w fast charging, dual sim",135.99,135.99,3.6,104,1,135.99,False,False,True,False,,False,,False
B0D5CVTSZ1,"magnetic neck mount for phones, hands free pov/vlog selfie mount flexible neck phone holder for recording, magnetic phone chest mount for iphone 15 14 13 12 seires and all smartphones",27.49,29.94,4.6,38,1,27.49,False,False,True,False,300+ bought in past month,False,300.0,True
B0CZ3YPSRX,"gimbal stabilizer for smartphone, 3-axis phone gimbal portable and foldable with ai tracking sensor magnetic fill light, gimbal stabilizer for iphone &amp; android, phone stabilizer for video recording",99.99,99.99,4.7,8,1,99.99,False,False,True,False,,False,,False
B0CHB24KQJ,"[true military-grade] car phone holder【2024 stronger suction &amp; clip】 universal cell phone holder for car mount for dashboard windshield air vent long arm cell phone car mount thick case,purple",39.99,45.99,4.4,2589,1,39.99,False,False,True,False,50+ bought in past month,False,50.0,True
B01LXOPZ4W,"wall mount cell phone charging shelf | multi-device station with 8 ports | compatible with apple iphone, ipad, samsung, android, tablets and more! (18&quot; x 9&quot;)",273.0,273.0,4.1,45,1,273.0,False,False,False,False,,False,,False
B0CXPJK7F7,"sensyne 92&quot; cell phone tripod, selfie stick tripod with 16.5&quot; flexible gooseneck, overhead phone stand for video recording, photography, compatible with phone, camera",29.99,29.99,4.6,29066,1,29.99,True,False,True,False,300+ bought in past month,False,300.0,False
B0CQ237PFS,"portable charger 33800mah usb c power bank with built-in cables &amp; ac wall plug,25w fast charging+qc 4.0 phone charger,4 output lcd display battery pack compatible with iphone15/14,samsung,android etc",45.95,69.95,4.4,672,1,45.95,False,False,True,False,3K+ bought in past month,False,3000.0,True
